capability_id,capability_name,scope,owner_domain,canonical_surface,primary_source,semantic_authority,backend_boundary,allowed_projections,interaction_mode,availability,notes
CAP-IAM-001,Seller identity and org context,seller,Identity & System,Profile / AppHeader,GNR + NGT,Backend access/profile contract,/auth/me + seller profile,Today:context|Route:context|Orders:context|Customers:context,read,active,Identity projection only; no duplicate profile workflow
CAP-IAM-002,Device and seller policy,seller,Identity & System,Profile / Settings,NGT,NGT device/app policy,Seller Workspace policy context,Orders:context|Route:context|Today:signal,read,active,Policy remains source-driven
CAP-IAM-003,Session and logout,global,Identity & System,Profile / Settings,NeginAI Backend,Auth service,/auth/*,AppHeader:context,read+local-write,active,Single canonical session workflow
CAP-FLD-001,Working calendar and off-day,seller,Field Operations,Today / Mission Control,NGT,NGT calendar semantics,Seller Workspace route/calendar context,Route:context|Orders:context,read,active,Orders may consume off-day state but not redefine it
CAP-FLD-002,Assigned and effective routes,seller,Field Operations,Route / Field Execution,NGT,NGT route semantics,/seller-workspace/routes,Today:summary|Customer360:context,read,active,NGT owns assignment
CAP-FLD-003,Route customer membership,seller,Field Operations,Route / stop plan,NGT,NGT route membership,/seller-workspace/routes/{path_id}/customers,Today:aggregate|Customers:context,read,active,Customer entity may project membership only
CAP-FLD-004,Visit policy,seller,Field Operations,Visit Workspace,NGT,NGT visit policy,/seller-workspace/previsit/policy,Today:signal|Orders:context|Customer360:context,read,active,Single visit-policy interpretation
CAP-FLD-005,Visit lifecycle,seller,Field Operations,Visit Workspace,NGT + NeginAI local state,Visit workflow contract,/seller-workspace/previsit/visits*,Today:summary|Customer360:history|Customer360:deep-link|Orders:context,read+local-write,active,Visit outcome belongs to field execution
CAP-FLD-006,GPS and location policy,seller,Field Operations,Route / Field Execution,NGT,NGT location policy,Seller Workspace route context,Today:signal|Visit:context,read,partial,Policy active; richer UX underused
CAP-FLD-007,Actual field telemetry,seller,Field Operations,Route / Field Execution,Cloud / grs,Future bounded telemetry read model,Not yet in Seller Workspace,Today:summary|Reports:aggregate|Customer360:context,read,gap,Must not surface until read model is validated
CAP-FLD-008,Map and navigation,seller,Field Operations,Route / Map,Neshan + NGT,Neshan routing with NGT assignment,/seller-workspace/map-config + map-plan + map-leg,Today:deep-link|Customer360:deep-link,read,active,Map provider is not route authority
CAP-CUS-001,Customer master,seller,Customer Intelligence,Customers / Customer360,GNR + NGT,Customer semantic model,/seller-workspace/customers/{id}/profile,Route:context|Orders:context|Today:signal,read,active,Customer identity defined once
CAP-CUS-002,Customer segmentation and classification,seller,Customer Intelligence,Customers,NGT + GNR,Customer classification contract,Customer profile/read model,Today:aggregate|Reports:aggregate|Route:context,read,active,No duplicate segment engines
CAP-CUS-003,Customer360 composed profile,seller,Customer Intelligence,Customer360,NGT + GNR + Acc + SLE,Seller Workspace composed profile,/seller-workspace/*/customers/{id}/profile,Today:deep-link|Route:context|Orders:context,read,active,Composition surface; does not own finance semantics
CAP-CUS-004,Customer call and order interaction history,seller,Customer Intelligence,Customer360 > History,NGT,NGT CustomerCalls semantics,Underused backend/read model,Reports:aggregate|Today:signal,read,partial,Inventory says currently underused
CAP-COM-000,Selling workspace and order session context,seller,Commercial & Orders,Orders / Selling Workspace,NGT + NeginAI visit state,Selling workflow boundary,/seller-workspace/previsit/*,Customer360:deep-link|Route:deep-link|Today:deep-link|Customers:deep-link,read+local-write,active,Canonical entry point for customer selling workflow
CAP-COM-001,Seller catalog and product template,seller,Commercial & Orders,Orders / Catalog,NGT,NGT catalog/template semantics,/seller-workspace/previsit/context + browse-context,Customer360:context|Today:signal,read,active,Canonical sellable-product discovery
CAP-COM-002,Seller brand scope,seller,Commercial & Orders,Orders / Catalog filters,NGT,NGT seller scope,/seller-workspace/brands,Today:signal|Reports:aggregate,read,gap,Backend exists; no direct frontend usage found
CAP-COM-003,Product units,seller,Commercial & Orders,Orders / Product detail,NGT,NGT unit semantics,Previsit catalog context,None,read,active,Single unit conversion source
CAP-COM-004,Product images,seller,Commercial & Orders,Orders / Product detail,NGT ImageInfoes + catalog endpoint,NGT image/catalog contract,/seller-workspace/previsit/catalog-images/*,Customers:context,read,gap,Endpoint exists; direct UI use missing
CAP-COM-005,Stock available to sell,seller,Commercial & Orders,Orders / Product detail,NGT + FRU + inv,Backend inventory semantic layer,Previsit/context + stock validation,Customer360:context|Reports:aggregate|Today:signal,read,active,Do not calculate independent stock truth in UI
CAP-COM-006,Base and contract price,seller,Commercial & Orders,Orders / Product detail,NGT + SLE,Commercial price semantic contract,Previsit/context,Customer360:context|Reports:aggregate,read,partial,Official final quote is separate capability
CAP-COM-007,Order type policy,seller,Commercial & Orders,Orders / Checkout,NGT,NGT DeviceOrderTypes/OrderTypes,Previsit policy/context,None,read,active,Policy-driven options only
CAP-COM-008,Payment type policy,seller,Commercial & Orders,Orders / Checkout,NGT,NGT payment compatibility,Previsit policy/context,Customer360:context,read,active,No UI-created compatibility rules
CAP-COM-009,Official commercial preview,seller,Commercial & Orders,Orders / Official Preview,NGT EVC REST,Official NGT EVC contract,/seller-workspace/previsit/preview,Today:signal|Customer360:context,external-preview,gated,Backend code exists; runtime NGT REST not configured
CAP-COM-010,Discount result,seller,Commercial & Orders,Orders / Official Preview,SLE + NGT EVC,Official preview + ERP rule evidence,Preview normalization,Today:alert|Reports:aggregate,external-preview,gated,Do not claim official discount without EVC
CAP-COM-011,Prize and reward result,seller,Commercial & Orders,Orders / Official Preview,SLE + NGT EVC,Official preview + ERP rule evidence,Preview normalization,Today:alert|Reports:aggregate,external-preview,gated,Final prize order bridge remains unsupported
CAP-COM-012,Credit control in order flow,seller,Commercial & Orders,Orders / Official Preview,ERP + NGT,Credit/preview semantic contract,Preview + alert observers,Customer360:summary|Today:alert|Alerts:alert,external-preview,partial,Needs official flow verification
CAP-COM-013,Order quantity editing,seller,Commercial & Orders,Orders / Cart,NeginAI local draft + catalog units,Order draft contract,Previsit visit draft,None,read+local-write,active,Shared QuantityStepper is presentation only
CAP-COM-014,Saved order request,seller,Commercial & Orders,Orders / Saved Requests,NeginAI local state,Saved request workflow,/seller-workspace/previsit/visits/*/saved-requests,Customer360:history|Today:summary,read+local-write,active,Distinct from final ERP order
CAP-COM-015,Final Varanegar order,seller,Commercial & Orders,Orders / Submission result,Controlled Varanegar bridge,Transactional write bridge,NeginAI.usp_SubmitValidatedOrder / bridge,Customer360:history|Reports:aggregate,controlled-write,disabled,Bridge disabled; commit and numbering unverified
CAP-FIN-001,Customer balance,seller,Finance & Collections,Customer360 > Finance,Acc,ERP receivables semantic layer,Seller Workspace customer profile/finance,Today:signal|Reports:aggregate|AI:context,read,active,Finance owns truth even when shown inside Customer360
CAP-FIN-002,Open invoices,seller,Finance & Collections,Customer360 > Finance,Acc,Open-invoice semantic contract,/seller-workspace/open-invoices,Today:signal|Customer360:badge|Reports:aggregate|Alerts:alert,read,active,Cross-customer and customer-specific views share one capability
CAP-FIN-003,Customer-specific open invoices,seller,Finance & Collections,Customer360 > Finance,Acc,Open-invoice semantic contract,/seller-workspace/open-invoices/{customer_id},Today:signal|Orders:context,read,gap,Endpoint exists; direct frontend use missing
CAP-FIN-004,Customer cardex,seller,Finance & Collections,Customer360 > Finance > Cardex,Acc + dbo,Backend Varanegar semantic route,Semantic support in backend,Reports:aggregate|AI:context,read,partial,Expand without duplicating semantics
CAP-FIN-005,Receipts and collections,seller,Finance & Collections,Customer360 > Finance > Collections,Acc + dbo,Receipt semantic contract,Semantic support in backend,Today:signal|Reports:aggregate|Alerts:alert,read,partial,Limited current UI
CAP-FIN-006,Settlement state,seller,Finance & Collections,Customer360 > Finance > Settlement,Acc + dbo,Settlement semantic contract,Semantic support in backend,Reports:aggregate|AI:context,read,partial,Limited current UI
CAP-FIN-007,Cheque status and history,seller,Finance & Collections,Customer360 > Finance > Cheques,Acc + dbo,Cheque semantic contract,Semantic support in backend,Today:signal|Reports:aggregate|Alerts:alert,read,partial,Canonical cheque detail here
CAP-FIN-008,Returned cheque,seller,Finance & Collections,Finance contextual workspace,Acc + dbo,Returned-cheque semantic contract,/seller-workspace/returned-cheques,Today:alert|Customer360:badge|Reports:aggregate|Alerts:alert|Orders:context,read,active,Only one canonical returned-cheque capability
CAP-DST-001,Distribution in progress,seller,Distribution & Returns,Distribution contextual workspace,SLE + dbo,Distribution semantic contract,/seller-workspace/distribution-in-progress,Today:signal|Customer360:summary|Route:context|Reports:aggregate|Alerts:alert,read,active,Do not duplicate full distribution workflow
CAP-DST-002,Voucher and sales returns,seller,Distribution & Returns,Distribution contextual workspace,SLE + dbo,Return semantic contract,/seller-workspace/voucher-return-report,Today:signal|Customer360:summary|Reports:aggregate|Alerts:alert,read,active,Canonical return detail in one contextual workspace
CAP-ANA-001,Sales performance facts,seller,Intelligence & Analysis,Reports / Sales Analysis,SLE + dbo,Validated sales semantic contract,Reporting semantic layer,Today:summary|Customer360:context|AI:context,analysis,active,Home only projects operational summary
CAP-ANA-002,Returns performance facts,seller,Intelligence & Analysis,Reports / Returns Analysis,SLE + dbo,Validated returns semantic contract,Reporting semantic layer,Today:signal|Customer360:context,analysis,active,Analysis owns aggregate/trend
CAP-ANA-003,Target pulse,seller,Intelligence & Analysis,Today / Mission Control,Planning + SLE,Target semantic contract,/seller-workspace/target-pulse,Reports:aggregate|AI:context,analysis,gated,UI must not present unvalidated target KPI as canonical
CAP-ANA-004,Inventory analysis,seller,Intelligence & Analysis,Reports / Inventory Analysis,inv + FRU + dbo,Inventory semantic layer,Backend semantic/reporting layer,Orders:context|Today:signal,analysis,active,Operational stock remains Orders context
CAP-ANA-005,Purchase-cost profitability,seller,Intelligence & Analysis,Reports / Profitability,ICA + ERP sales,Verified last-purchase-price semantic route,Backend semantic layer,Today:signal|Customer360:context|AI:context,analysis,active,Use confirmed purchase price basis
CAP-ALT-001,Operational alerts,global,Identity & System,Alert Center,Multi-source + NeginAI local state,Operational notification service,/automations/notifications + live events,Today:alert|Route:alert|Orders:alert|Customer360:alert|Reports:alert,read+local-write,active,Alert is event projection; not domain ownership
CAP-ALT-002,Notification read and acknowledgement,global,Identity & System,Alert Center,NeginAI local state,Notification lifecycle contract,Notifications API,AppHeader:badge,read+local-write,active,Single global lifecycle
CAP-AI-001,Ambient AI,global,AI Intelligence,Contextual background layer,All approved read models,Evidence-backed AI contract,AI/chat + context services,Today:signal|Route:signal|Orders:signal|Customer360:signal|Reports:signal,orchestration,partial,No independent source facts
CAP-AI-002,Contextual Copilot,global,AI Intelligence,Current module/entity sheet,All approved read models,Evidence-backed AI contract,/chat + contextual payload,Today:context|Route:context|Orders:context|Customer360:context|Reports:context,orchestration,active,Inherits canonical module context
CAP-AI-003,Next Best Action,global,AI Intelligence,Today / Mission Control,Validated multi-domain evidence,Commercial Intelligence contract,Future/partial read model,Route:signal|Orders:signal|Customer360:signal,orchestration,partial,No arbitrary AI score
CAP-AI-004,Agent action layer,global,AI Intelligence,Contextual action sheet,Canonical capability APIs,Capability owner authorization,Agent/tool orchestration,Today:deep-link|Route:deep-link|Orders:deep-link|Customer360:deep-link,orchestration,partial,Must call owner capability rather than duplicate workflow
CAP-AI-005,AI Workspace,global,AI Intelligence,AI Workspace,Chat + context + approved tools,AI evidence/action policy,/chat/*,AllModules:deep-link,orchestration,active,Deep reasoning surface; not ERP owner
CAP-SYS-001,Offline read snapshot,seller,Identity & System,System / Sync status,NeginAI IndexedDB,Offline snapshot contract,Frontend state layer,Today:badge|Route:badge|Customers:badge,read+local-write,active,Read snapshot only; full mutation queue not implemented
CAP-SYS-002,Push subscription,global,Identity & System,Profile / Notifications,NeginAI Backend + browser push,Push delivery contract,/push/*,Alerts:context,read+local-write,partial,Delivery/rotation matrix unverified
CAP-ADM-001,Planning scenarios,enterprise,Admin & Planning,Planning Workspace,NeginAI local planning store,Planning workflow,/planning/*,Today:context|Reports:aggregate,read+local-write,separate-domain,Role-bounded; not Visitor navigation
CAP-ADM-002,Organization structure,enterprise,Admin & Planning,Organization Workspace,NeginAI local + ERP references,Organization workflow,/organization-structure*,Profile:context,read+local-write,separate-domain,Role-bounded
CAP-ADM-003,Control console and permissions,enterprise,Admin & Planning,Control Workspace,NeginAI local + ERP personnel,Control authorization contract,/control/api/*,Profile:context,read+local-write,separate-domain,Named-session management boundary
CAP-PLT-001,Guarded SQL,platform,Platform & Knowledge,Platform API,SQL Server,SQL Guard contract,/sql/query,None,read,separate-domain,Not a seller UI capability
CAP-PLT-002,Schema catalog,platform,Platform & Knowledge,Platform API,SQL metadata + local catalog,Schema contract,/schema/*,Admin:context,read+local-write,separate-domain,Infrastructure
CAP-PLT-003,Business definitions registry,platform,Platform & Knowledge,Platform API,NeginAI local store,Definition contract,/definitions*,AI:context|Reports:context,read+local-write,separate-domain,Governance still partial
CAP-PLT-004,Entity resolution and sync,platform,Platform & Knowledge,Platform API,SQL Server + local catalogs,Entity resolution contract,/entities/*,AI:context|Search:context,read+local-write,separate-domain,Freshness/conflict semantics partial
CAP-PLT-005,Automations,platform,Platform & Knowledge,Automation Workspace,NeginAI local + AI,Automation workflow,/automations/*,Alerts:context|AI:context,read+local-write,disabled,Runtime disabled in current local environment
CAP-WHS-001,Warehouse inventory operations,enterprise,Warehouse Operations,Warehouse Workspace,ERP + warehouse store,Warehouse Assistant contracts,/warehouse-assistant/*,Reports:aggregate,read+local-write,separate-domain,141-endpoint warehouse domain; keep out of Visitor nav
CAP-WHS-002,Checkbar operations,enterprise,Warehouse Operations,Warehouse Workspace,ERP + controlled procedures,Warehouse Assistant contract,/warehouse-assistant/*,None,controlled-write,separate-domain,Role-bounded
CAP-WHS-003,Interwarehouse transfer,enterprise,Warehouse Operations,Warehouse Workspace,ERP + NeginAI controlled procedure,Warehouse Assistant contract,/warehouse-assistant/*,None,controlled-write,separate-domain,Uses controlled write boundary
CAP-WHS-004,Purchase contracts and supplier orders,enterprise,Warehouse Operations,Warehouse Workspace,ERP + warehouse store,Warehouse Assistant contract,/warehouse-assistant/*,Reports:aggregate,read+local-write,separate-domain,Do not mix into Visitor orders
CAP-WHS-005,Purchase invoices and receipt conversion,enterprise,Warehouse Operations,Warehouse Workspace,ICA + controlled procedures,Warehouse Assistant contract,/warehouse-assistant/*,Reports:aggregate,controlled-write,separate-domain,Separate enterprise workflow
CAP-WHS-006,Supplier portal,enterprise,Warehouse Operations,Supplier Portal,Warehouse backend store,Supplier portal contract,/warehouse-supplier-portal/*,None,read+local-write,separate-domain,External/role-bounded surface
